,Join Kata,label
0,fenomena unik api nyala tanah terus kenal bagai abadi sayang kelola gitu cm dipagerin tulis api abadi kreatif jadi tempt wisata pdhl potensial,negative
1,wisata unik toilet mushola,negative
2,maha allah besar allah api nyala rombong pondok lubabul fattah tulungagung jawa timur kunjung des,negative
3,api abadi padaam saran kesini pas malam bakar jaguung,negative
4,kuasa tuhan kaya alam nusantara ynag limpah,positive
5,wisata instragamable lokasi panas cocok belanja,positive
6,wisata potensial kelola tarik antusias unjung lumayan unjung kota penasaran saksi api abadi,negative
7,worth it kobar api nyala pinggir pagar lebih,negative
8,kelola lbh tarik kunjung bersih tingkat,negative
9,salah wisata andal pamekasan api kunjung padam letak daerak tlanakan orang sebut jeng lokasi pintu masuk gerbang pamekasan belah kiri,negative
10,nyaman jernih pikir beli khas madura harga jangkau,positive
11,gas dr dlm tanah elpiji kali iya cmn g bau tajem gas bocor korek in langsung nyala tahu ckckc subhanallah,negative
12,kunjung siang panas poolll,positive
13,wisata motor ponaan kondisi lumayan siang api tiket masuk gratis,negative
14,titik api nyala lindung pagar aneka barang jual bakar jagung,negative
15,dsini malam rada gerimis suasana pas kdatangan langsung pesan jagung muda langsung bakar api,positive
16,homestay mampir kesini api kunjung padam pamekasan pulau madura jawa timur,negative
17,tarik wisata area pahar api muncul tanah lumayan dagang jadi belanja keluarga rumah,negative
18,karcis kali masuk dalem iya lihat api gak kembang iya gitu karcis parkir parkir lokasi bayar,negative
19,salah wisata kunjung madura pamekasan daya tarik api nyala malam souvenir jual,positive
20,fasum toilet bersih sampah plastik sera musholla warung makan warung lokasi wisata tarik perhati wisatan nya bersih nya,negative
21,wisata bagus unik api ber puluh padam turun hujan skali,positive
22,salah fenomena alam api kunjung padam masuk bayar kasih tiket orang dewasa anak uang,negative
23,api kunjung padam nyala hujan ayo tinggal bawa jagung,negative
24,dar informasi konon api nya api nya padam kalau hujan nyala kalau kasi mantik api korek,negative
25,mantap sih beneran api kalau gosok tanah nya,positive
26,jual aksesoris souvenir khas madura jual jagung bakar akses jalan lokasi bagus aspal,positive
27,libur api kunjung padam,negative
28,masyaallah api langsung dr tanah,negative
29,lokasi bingung sedang apa wisata kalau pamekasan gak api kunjung padam,negative
30,lokasi jalan raya sayang tunjuk arah mobil cepat jadi lokasi singgah wisata madura,negative
31,pariwisata alam api murni tanah minyak tanah bahan bakar,negative
32,kalau rencana kunjung berekspektasi tuju ucap subhanallah jual pilih belnja,positive
33,saran sih lebih baik kalau kunjung malam lokasi mudah akses,positive
34,hidup sentuh usia kepala asyik kesan salam owner sh grosir supplierhandukcom pusat handuk souvenir unik manfaat,positive
35,tukang parkir suka paksa banget sampek tengkar sbelum masuk,negative
36,takjub travelling bar madu madu asli murni alami organik,positive
37,salah pariwisata desa larang tokol pamekasan madura saksi api abadi beli khas madura,positive
38,wisata alam api nyembur tanah camat tlanakan pamekasan parkir toelet enak rekreasi keluarga wisata edukasi,negative
39,parkir mobil g nyaman panas penuh dagang semua sisi kesan api kunjung padam hilang,positive
40,lumayan wisata murah banget ganks cocok cari madura island,positive
41,api kunjung padam madura api nyala habis orang perlu hari masak rebus air bakar jagung,positive
42,tempat bagus sayang oknum preman manfaat wisata tarik karcis masuk wisata x bayar bayar masuk gang parkir mobil lihat api,negative
43,sayang pas kesana api padam nyala gerimis,negative
44,sedia kamar mandi toko jual makan,positive
45,wisata madura wajib kunjung beli khas madura salam masjid miftahul huda bendorejo diri minggu des,negative
46,samping jalan orang jual jagung jual khas madura,positive
47,api alam obyek wisata alam pamekasan letak dekat gerbang salam pamekasan,positive
48,api alam lekang zaman dihimpit maju zaman benderang warga harga sovenir jangkau,positive
49,subhanallah kuasa tuhan maha esa mana sang api padam hujan menghadang,positive
50,sayang perintah bijak kelola,negative
51,wisata bikin kesel harga parkir paksa biaya parkir suka patok tiket nya sopan nada bicara sayang banget pariwisata bagus gin oknum harap perintah pusat ambil alih kelola wisata alam,negative
52,api alam nyala kunjung padam cari hibur malam cari,positive
53,unik tarik,positive
54,api sebar gede satu titik lumayan beli buah tangan,positive
55,akses lokasi mudah,positive
56,kesana selasa pakai mobil mini bus masuk gapura jalan utama bayar tiket rp parkir mobil kena harga rp masuk area api kena tiket masuk orang rp jual souvenir makan khas madura sana toilet rp,negative
57,wisata api abadi salah objek wisata alam lokasi pamekasan madura jawa timur rupiah pasuk area jual jaja aksesoris khas madura,positive
58,fenomena alam api abadi gas alam bakar bagus kelola jaga bersih nya sisa sampah orang bakar jagung mie,negative
59,wisata alam pelihara,positive
60,subhanallah guyur hujan api padam icon kota pamekasan,positive
61,parkir rp tunggu langsung lokasi penuh pilih makan wisata api abadi asyik malam api,positive
62,fenomena alam layak abadi matahari deh gelinding ufuk barat parkir bakar langsung korek api bahan bakar gratis tiket masuk pusat nya dr hasil bumi hasil rajin warga,negative
63,salah wisata kenal pamekasan api kunjung padam kesini th kunjung padam lihat api bakar bakar makan jagung bawa,negative
64,salah takjub api gas alam gali lubang tanah api langsung bakar jagung sih dimanfaatin warga masak dagang,negative
65,api titik bnyak jual bereih tempat bnyak jual murah murah,negative
66,belanja api kunjung padam belanja khas madura tempat,negative
67,tonton vidionya pajero trip chanell,negative
68,nya api orang jual khas madura,negative
69,alami bnget tempat sayang terang akses jalan,negative
70,nikmat jagung bakar langsung bakar api alami padam,positive
71,bagus malam hati kalau malam jalan sempit kalau papas parkir restribusi jual jagung bakar jagung hrgnya,negative
72,fenomena alam milik pamekasan jalan raya barat pamekasan mentari jauh ufuk barat parkir luas toilet bersih toko toko jual sovenir,positive
73,dapa api nyala dapt manfaat pengunjunh masak bakar jagung warung jual sovenir sayang kelola cara maksimal miris anak oengemis orang dewasa tua,negative
74,kunjung api kunjung padam nya sore api nya,positive
75,cocok wisata malam dingin sana jual jagung bakar api kunjung padam,positive
76,cinderamata khas madura harga mahal,negative
77,salah wisata alam eksotis pamekasan recommended kunjung malam,positive
78,kali unjung,positive
79,api padam orang ziarah madura api kunjung padam,positive
80,anugrah tuhan nyala api syukur,positive
81,akses masuk sempit kalah mobil papas parkir luas kelola profesional mushola kamar mandi bersih harga makan standar,negative
82,salah destinasi wisata unik mana api situ nyala alami terus warga bakar jagung recommended,positive
83,fenomena aneh wajib mampir kalau kalau pas,negative
84,kali kesana kuasa allah api padam hujan,positive
85,api padam waktu kesini hujan api nyala,negative
86,kes,positive
87,bersih banding datang moga jaga lbh fasilitas,positive
88,tangan obyek wisata maksimal,negative
89,unjung sepi sih bagus wisata,negative
90,bagus tempat kotor cari sampah susah buang sampah sembarang,negative
91,kesini berekspektasi sewah bayang,positive
92,recommended tambah wawas tadabbur alam sila,positive
93,wisata api alam kenal milik api abadi kabupaten pamekasan madura sekian api alam dunia wisata langka desa larang tokol camat tlanakan kabupaten pamekasan madura jawa timur,positive
94,malam bulan ramadhan taraweh sepi unjung toko jual cinderamata buka,positive
95,wisata mahal tiket masuk parkir,negative
96,parkir lebih baik cari deket langsung cegat jalan pas masuk jalan kaki api padam,positive
97,langsung jadi alam kagum subhanallah agung cipta allah,positive
98,tempat enak kalau cuaca dingin duduk pinggir api kunjung padam waaah enak belanja murah murah sesuai isi dompet kuliner buat isi dompet isi perut insyaallah muas yaa,positive
99,wisata natural banget,positive
100,sesubageet besama anak istri,positive
101,dagang lengkap daganganya,negative
102,lumayan bagus kesan alam orang jual tata rapi nyaman area parkir luas,negative
103,senang api padam,positive
104,belanja pinter nawar,negative
105,bisnis terap buka google maps,positive
106,siang kesini api gak lihat selfi,negative
107,tempat asik suka bakar jagung rogoh kocek rupiah,positive
108,tiket bayar pas masuk sek parkir bayar,negative
109,pondok penuh barokah pondok nama pulang pergi nurul ijtihad assyyid abbas alawy al maliki al hasany mek,positive
110,allah maha suangar pokok eh,positive
111,edukasi anak gas alam,positive
112,good place wisata unik recommended kamu kunjung,positive
113,ciamiq destinasi jarang indonesia ayo dulur kesini susul iya saran kalau tkp matahari benam nuansa api nya,positive
114,indah takjub subhanallah,positive
115,bukti kuasa allah nyata,positive
116,api kunjung padam harga jagung rp,negative
117,awat lingkung,negative
118,wisata alam kesan tiket gratis bayar parkir bang sampah tambah papan informasi sejarah api abadi,positive
119,alam area api tk kunjung padam bakar jagung ma family ter kesan iya udeng madura kenang an sya maturnuwun geh,positive
120,wisata alam api bahan bakar,negative
121,api kunjung padam wisata sedia kios kios jual sovenir dn pnjual jagung bakar api nyala teraedia parkir bis mobil mushola dn toilet lokasi,negative
122,recomendet kalau kesini malam,negative
123,api nan kunjung padam,negative
124,air terjun langit dusun panti jember jatim,positive
125,keren kali kesini penasaran sampa langsung pesan jagung muda bakar menabjubkan,positive
126,kandung makna tunjuk semangat habis,positive
127,daerah panas bersih harga nya jangkau,negative
128,renung cipta tuhan maha kuasa toko warung jual minum pakai tips beli jagung bakar pilih jagung manis,positive
129,akses jalan nya baik,negative
130,arah tkp teliti parkir gelombang,negative
131,suasana sore jelang petang lupa kunjung api kunjung padam,positive
132,fasilitas tingkat wisata tuju wisatawan pamekasan,negative
133,wisata bagus saji bakar bakar jagung ayam langsung api alami,positive
134,kental adat tradisional parkir luas sja siang panas faktor cuaca iklim dimadura toko wisata bnyak tawar harga,positive
135,parkir mobil ribu,negative
136,kelola bagus tiket masuk murah cmn bayar parkir,negative
137,kobar api drpd dlm pagar,positive
138,lokasi wisata wisata api abadi alami muncul perut bumi congkel tanah lokasi musim hujan api nya nyala padam kena air hujan wisata api abadi,positive
139,ken besok pagi kesini baca ulas unjung gak kepeng masak bayar sampek kali masuk gang parkir orang bayar sigitu doang mahal banget gakak rekomend kalau pribadi,negative
140,tempat unik bakar awat tata management,negative
141,bagus ter urus maju,negative
142,lumayan wisata lokal senang,positive
143,api kunjung padam sumber api nyala pakai api pekan olah raga nasional sayang tempat awat org jual pelihara dng,negative
144,perintah tertib pungli masak kmren now watching masuk tarik orang bwa rombong bus orang orang tu gk parkir sdh bayar tertib orang rombong ksana gak risih dg pungli trsbut,negative
145,bagus nya ramah lingkung,positive
146,tata kelola obyek wisata kes asal obyek wisata kenal sumber api area kotor wisata dukung,negative
147,bner nyata,positive
148,api gak mati masak jagung mateng,negative
149,kenal besar gusti allah,positive
150,teman bilang kalau malam biar nyala api benar sih jam malam jalan raya masuk mter jalan gelap kirain sesat pas buka google map benar nunggu motor mobil,negative
151,beli mangga gede banget buset manis murah diitungnya buah an kalau wisata api sih yaaa api dipagerin trus gapernah mati api gitu doang he,negative
152,takjub kuasa allah swt,positive
153,moga wisata lokal global,positive
154,suka senang kunjung api kunjung padanm keluarga refresing minggu menghikangkan jenuh bawa ikan hasil tembak dermaga branta beli jagung sana,positive
155,sebenarnga wisata unik sayang duduk unjung lokasi api alam jual sovenir unjung api alam beli,negative
156,warga ramah sayang bersih duduk bakar jagung masak sedia sarana prasarana benah dekorasi tambah tarik wisatawan domestik internasional,negative
157,uni wisata api kunjung padam sembur api asal muka tanah perut bumi hebat guyur air api nyala,positive
158,bagus kalau siang nyala api gak kalau malam bagus,positive
159,nya nyaman butuh awat gigi silah chat via watsap,positive
160,unik api nyala tanah madura,positive
161,malam bagus hangat badan,positive
162,duduk api padam asal panas bumi jual pisau petis cobek semen tanah lihat api abadi pakai duduk rebus air bakar jagung masak cocok kunjung siang,negative
163,tawar objek wisata api abadi mana api tetua mati muncul hujan sana bakar jagung cocok,positive
164,belanja fasilitas hibur wisata kuliner coba tambah main anak anak wisata kuliner tarik,negative
165,tarik inovasi kembang wisata,negative
166,wisata alami kunjung wisatawan lokal nasional api abadi nyala padam masyarakat ramah ramah murah senyum sambut wisatawan,positive
167,kuasa allah api kunjung padam pamekasan,positive
168,unik api kunjung padam hujan deras nyala picu korek api gali api muncul,negative
169,wisata lumayan tarik keluarga tambah tahu gas alam capai muka bumi akses jalan utama lokasi sempit papas bus,negative
170,kesini pas malam api,positive
171,api,positive
172,bagus wisata,positive
173,wisata alam unik langka tarik fasilitas wisata perhati perintah cocok refreshing keluarga bakar jagung barbeque terus,positive
174,wisata bagus tukang parkir waspada mentang pakai anting pasang wajah galak gak sok sok an karcis pasang wajah sok banget kasi wisata orang nya tukang parkir hati plat madura,positive
175,wisata maih awat saran mampir kesini orang pamekasan madura api terus keluardari tanah pribadi unik sembarang temu,positive
176,api alam dagang lokasi wisata api abadi goreng rebus makan pagi sore wisatawan malam nyala api nyata banding siang wisatawan manfaat api bakar jagung,positive
177,objek wisata api kunjung padam salah objek wisata andal pulau madura lokasi mudah jangkau kendara surabaya bus kendara pribadi masyarakat duduk nya ramah ramah makan harga nya jangkau,positive
178,wisata api abadi api kunjung padam letak kabupaten pamekasan saran kunjung malam nyala api bagus lupa bawa ikan jagung iya biar bakar stand jual kuliner khas madura area wisata,positive
179,lumayan penasaran unjung kota,positive
180,jalan,positive
181,baik parkir x bus parkir x bayar,negative
182,wow keren api kunjung padam pamekasan gas alam bumi reta sesar kulit bumi gas alam muka bumi reaksi udara api kunjung padam,negative
183,api kunjung padam destinasi wisata api terus nyala hangat area bakar jagung jual duduk,negative
184,wisata api abadi jadi alam sembur gas bumi api si api hidup gas sembur,negative
185,makan lorjuk petis ikan uenakk,positive
186,objek wisata pamekasan api abadi tanah,positive
187,sumber api alam kagum sbg hamba allah,positive
188,anak jual luas,positive
189,api kunjung padam ramai orang bakar jagung dn rebus jagung,negative
190,tempat bagus khas madura,positive
191,api kunjung padam pamekasan lokasi destinasi wisata kabupaten pamekasan daridulu api padam makan jagung bakar beli jagung mentah masyarakat,negative
192,api gak padam jadi tinggal congkel tanah pakai kayu api langsung nyala asyik klau malam sini bakar jual jagung kalau bakar ikan bawa,positive
193,api emang padam hujan buka jam jam malam pasar buka jual pakai khas madura pamekasan,negative
194,gin gin sih view nya,positive
195,wisata kelola dg kampung sbg alternatif wiskul nyobain rujak khas madura beli khas madura,negative
196,lokasi jalan raya pamekasan sumenep letak luar kota pamekasan masuk areal kena retribusi desa ribu parkir biaya rb kondisi nya tata benah unjung nikmat nyaman,negative
197,potensial kembang tingkat bersih,positive
198,rumah kakek nenek pamekasan kesini situs tarik jaga bersih nyaman,positive
199,salah wisata kabupaten pamekasan unik api sembur tanah konon api mati guyur air hujan karcis masuk bilang murah rp bayar parkir sepeda motor mobil,negative
200,hibur pendudukx ramah tamah kuasa allah api kluar tanah g padam,positive
201,pintu masuk tutup buka normal alhasil asyik nya bakar jagung bubar satpol pulang pergi,negative
202,wisata alam wisata nikmat api nyala nyala padam pamekasan wajib mampir iya teman nikmat api alam bakar jagung lho,positive
203,kisah singkat api kunjung padam api nan kunjung padam dhangka milik latar kisah,negative
204,keren api padam,negative
205,wisata api abadi pamekasan bakar jagung,negative
206,api abadi padam smg jaga bersih fasilitas toilet air nya asin iya segar berwudhu basuh muka iring do a all the best,negative
207,indah tanah lahir pamekasan cinta,positive
208,januari dinas pariwisata budaya kepala desa larang tokol membebasakan tiket masuk moga pungut bis masuk,negative
209,cocok siang tempat panas beli jagung bakar langsung bakar api abadi ga butternya jagung hambar,negative
210,moga abadi,positive
211,takjub bau tai kucing,positive
212,bagus senang unjung nya,positive
213,bagus kayangan api bojonegoro baik fasilitas wisata unjung melihar api kunjung padam bakar jagung,negative
214,luarbiasa penomena alam langka tempatny lumawan masyarakatny jual dn ramah,positive
215,preman uang retribusi ga tanggung tugas parkir aman kendara parkir kumuh awat,negative
216,area panas api kunjung padam warga manfaat dar masak air masak nasi bakar jagung ramai lokasi wisata kabupaten pamekasan madura,negative
217,unik masyarakat sana sopan,positive
218,bagus bagus kalau buat destinasi cantik tarik manfaat orang kelak,positive
219,kotor sadar buang sampah tempat,negative
220,bakar jagung,negative
221,kilometer masuk kota pamekasan unjung api nan kunjung padam api abadi desa larang tokol camat tlanakan kabupaten pamekasan,positive
222,alhamdulillah jalan mulus parkir mobil tanah luas tempat jual souvenir makan khas lokal,positive
223,api alam api abadi pamekasan,positive
224,salah wisata kabupaten pamekasan api abadi muncul tanah bawa jagung rumah kalau repot tinggal beli tempat jual jagung kuliner jual batik barang unik,positive
225,wisata sejarah daerah pamekasan salah bentuk ajaib api padam musim hujan orang bakar bakar,positive
226,baca dr netizen rekomended iya fasilitas tiket sesuau,negative
227,api nyala titik kes awat gas pagar nyala merusakpondasi pagar batas,negative
228,kunjung jam sore nyala api beli jagung bakar,negative
229,seru banget kesini sore malam eksotik bakar jagung,positive
230,bagus indah romantis,positive
231,lokasi midah jangkau pusat kota pamekasan buka malam sedia pernak pernik hand made asli daerah salah ajaib alam muncul lingkung masyarakat,negative
232,api padam nyala,negative
233,pariwisata alam pamekasan api kunjung padam masyarakat ramah harga souvenir lampau mahal coba deh kunjung sesal joss,positive
234,pasar sih iya wisata worth it harga murah murah g bikin kantong bolong,positive
235,wisata awat moga depan maksimal tata amin,negative
236,seru bagus panas,negative
237,wisata api abadi tarik butuh koordinasi perintah atur dagang kaki cegah pungut liar,positive
238,bagus nya,positive
239,tempat kelola dg pas masuk kawasan wisata dimintain karcis dr x dg org beda,negative
240,neng banget sayang siang kali datang malam,negative
241,asyik banget api gak mati jam non stop,positive
242,asik,positive
243,penmbayaran sampek kali masuk parkir bayar lokasi lebih baik jadi,negative
244,tempat bagus senang nelihat suasana malam ramai api sangat bangus nikmat jagung bakar,positive
245,gugur penasaran moga tempat bersih awat,negative
246,api dr batas tempat jual souvenir toilet mushola,negative
247,tempat bagus rusak,negative
248,api abadi bakar jagung ikan,negative
249,tempat sederhana puas belanja barang khas madura,positive
250,mantap api ajaib,positive
251,bakar bakar jagung,negative
252,tempat nyaman banget orang ramah,positive
253,wisata andal kabupaten pamekasan pulau madura tanah muncul api sayang kelola profesional tanah milik swasta lila orang jalan milim masyarakat,negative
254,kumuh kotor warga masak uar api cocok jadi wisata anak uang,negative
255,api kunjung padam lumayan bagus jalan bagus lobang moga depan bagus,positive
256,masyarakat ramah,positive
257,beneran lho api ga padam hujan aneh nyata pengin lihat ajaib alam jenguk pamekasan,positive
258,alun alun pasuruan kota belah makam mbah hamid orang orang ziaroh makam mbh hamid,positive
259,bakar jagung api alami,positive
260,nuansa suasana wisata senang orang jual pasar,negative
261,bagus alami bagus datang malam,positive
262,destinasi wisata timbang kunjung pamekasan madura unik ajaib fenomena alam patut jaga lestari,positive
263,kuwasa ilahi bawa berkah warga,positive
264,tata rapih view wisata nya parkir lap retribusi masuk beda,negative
265,bagus bagus lengkap inap mck,positive
266,lokasi kunjung pamekasan api padam guyur hujan bakar jagung,negative
267,bagus alami harga jangkau,positive
268,nyampek malam seru,positive
269,bagus,positive
270,toko sedia jenis lukis kaligrafi arab figora,positive
271,api abadi unik parkir tertib toilet sedia khas madura lengkap,negative
272,ajar alam ramai jual souvernir makan obyek wisata tonjol,negative
273,sih unik,positive
274,lokasi mudah jangkau sedia souvenir khas madura potensi wisata kembang,positive
275,mnyenangkn jarang tanah mngeluarkn api mncari acesoris khas pamekasan lengkap jual makann bnyak,positive
276,sya promosi dn penasaran,negative
277,api nya api api tiket masuk rb,negative
278,bagus tempat lumayan sepi bakar jagung api nya jagung jual situ parkir lumayan,positive
279,tempat ramai malam asyik bakar bakar cari souvenir lupa tawar iya,positive
280,wisata unik perhati perintah daerah pengelolaanny akses jalan fasilitas unjung minim,positive
281,bagus tingkat,negative
282,kurang awat,negative
283,ajaib alam mgk langka kelola lbh profesional biar bersih tarik,positive
284,kesan karya tuhan,positive
285,senang,positive
286,api obor api pon sayang air panas nya sumber henti,negative
287,akses jalan sdh nyaman kelola tambah taman main selfi,positive
288,fenomena alam unik good place,positive
289,wisata madura kunjung,positive
290,patut lestari awas wajib kelola wisata,positive
291,kalau in suka belanja dagang keliling kalau obyek utamany dr dulu,negative
292,bagus bagus tempat nyaman,negative
293,loket,negative
294,amazing hujan api nyala,positive
295,wisata pamekasan nama api kunjung padam api gak padam nyala,negative
296,tempa myaman blanja harga murah pasar tradisional,positive
297,parkir nya luas warna api nya bagus kalau malam,positive
298,wisata ajaib alam patut apresiasi perintah daerah,positive
299,sanagat bagus,positive
300,konon cerita api padam hujan,negative
301,ramai toko toko,negative
302,ajaib,positive
303,keren,positive
304,api gk padam,positive
305,situ beli pisau clurit madura parang bahan bagus,positive
306,uni dunia pamekasan lengkap dg aneka dagang souvenir makan khas madura,positive
307,piknik asik,positive
308,ramai kunjung api padam bakar jagung nya,positive
309,wisata kabupaten pamekasan bakar jagung langsung api abadi lubang tahan,negative
310,lokasi panas kalau siang sptnya lbh asik kunjung malam,positive
311,allah swt maha kehendahnyaa sprt api kujung padam,positive
312,bagus subhanallah api padam,positive
313,tempat bersih lokasi parkir luas belanja souvenir murah murah,negative
314,kuasa allah api kunjung padam belanja murah suka,positive
315,salah pilih libur nataru,negative
316,lokasi nya bersih air toilet asin smg depan tingkat,negative
317,mantap sih bakar jagung,positive
318,krg bersih mobil masuk bayar mahal kunjung bersih,negative
319,wisata alam padam bagus kunjung souvernir khas madura,negative
320,kalau pgen ksni enak malam kesan api kliatan banget smbil bakar jagung,negative
321,kesini penasaran sama tempat cuman tempat bersih tahu kalau,negative
322,api siram air mati kmidian kasih korek api nyala kembal,negative
323,wisata bagus tata ruang nya,negative
324,bagus tahu anak,positive
325,siang gak asik panas kesana lebih baik habis mahrib,positive
326,mukjizat allah swt tanah mengeluarkaan api dg gores dg benda,positive
327,kecewa awat dg guide,negative
328,iya suka layan rest area,positive
329,langgan wisata keluarga pamekasan bakar jagung api alam,negative
330,awat lumayan tiket masuk murrrahhh ribuh,positive
331,letak sumenep madura api abadi,positive
332,kesini sayang foto hilang lumayan bagus sejarah lokasi madura,positive
333,akses jalan masuk bagus lokasi sampah sera kes awat,negative
334,wisata tarik,positive
335,tertib orang kes paksa anak orang dewasa,negative
336,kelola kesan kumuh,negative
337,salah wisata favorit api dr gas alami pulau madura,positive
338,wisata api kunjung padam desa larang tokol camat tlanakan kabupaten pamekasan madura,negative
339,api kunjung padam,positive
340,maju penglolaan,positive
341,nice view lengkap murah riah,negative
342,api temu jual jagung langsung bakar sofenir,negative
343,jadi wisata edukasi alam,positive
344,hati plat madura pungli kalau gak tahu arah,negative
345,wisata bagus kelola muas jalan tuk lewat,negative
346,api alami cocok bakar jagung,positive
347,wisata api alam alami murah unik lengkap souvenir khas madura,negative
348,bagus wisata malam ramai,positive
349,layan order roti hajat,positive
350,very good ombak fasilitas tarik,positive
351,api padam,positive
352,unik walaw hujan angin hidup hidupsendiri,positive
353,api populer rujak cingur jagung bakar sana mantap,positive
354,kesan si masak api gk padam padam aneh gitu,positive
355,wisata alam api padam sumber gas alam,positive
356,ta ie api kunjung padang piknik kemari sob sik asik deh,negative
357,inti lihat lingkar tengah api gak padam,negative
358,lumayan sih dar tahu,positive
359,sunggu cipta allah tanah api,positive
360,pokok mantul dech,negative
361,tingkat fasilitas daya tarik unjung,negative
362,suasana api kunjung padang pamekasan madura,negative
363,api gak padam walao kena hujan lebat apa,negative
364,api abadi dipamekasan madura api pindah bakar pagar batas,negative
365,tempat kotor tari biaya masuk,negative
366,panas api diameter m luas,negative
367,batik batik madura super mantap,positive
368,bagus wisata alam tarik,positive
369,bersih awat perhati cenderung abai,negative
370,masyarakat nya ramah tawar dagang nya,positive
371,kagum api pon kali ambil api kunjung padam pamekasan,negative
372,kemas entertainnya panas butuh teduh wisatawan,negative
373,salah wisata madura,positive
374,sip kalau mlm ksni,negative
375,jalan utama cuman baik fasilitas dukung,negative
376,nya bagus nyaman banyak kuliner,positive
377,panas tkp jalan wisata rusak kluar tkp rawan celaka,negative
378,coba kelola profesional tambah pad,negative
379,wisata legenda ganggu emis anak,negative
380,rampok sana masuk lokasi bayar parkir bayar masuk wahana bayar,negative
381,tempat nyaman warga sahabat,positive
382,bagus tempat murah tiket masuk tempat tata,negative
383,tempat atur lumayan kotor kurang perhati perintah,negative
384,sayang perhati perintah,negative
385,main kesini api kunjung padam,negative
386,api padam guyur hujan kalau malam indah,negative
387,masyarakat jemur pakai pagar api abadi,negative
388,plakat tanda selfi kembang,negative
389,kagum,positive
390,alhamdulillah mang tarik api gak padam asyiiikk,positive
391,rawat tempat toko api lestari,negative
392,wow tempat ramai kalau libur hawa sngt panas,positive
393,destinasi wisata unik kunjung pergi pamekasan madura api kunjung padam eksotis,positive
394,salah bukti fenomena alam senantiasa syukur,positive
395,tarik jual sepiiii,negative
396,wisata merapen api alam pamekasan madura belanja suvenir khas pulau madura mator saklangkong,positive
397,krsini,negative
398,salah bentuk kuasa allah,positive
399,wisata api kunjung padam tak padam cinta,positive
400,unik tarik nikmat indah cipta tuhan,positive
401,belanja lumayan murah,negative
402,emis anak hati,negative
403,tapa allah swt kuasa,negative
404,alhamdulillah bagus,positive
405,masuk suruh bayar iur orang,negative
406,monggo silah jam suramadu,negative
407,puas,positive
408,tahu api alami,positive
409,kelola maksimal tumpang tindih tiket nya,negative
410,beneran api,negative
411,legendaris ganggu emis anak,negative
412,sungguh kuasa allah swt,positive
413,mantap,positive
414,mantab jiwa,positive
415,awat kes pasar tradisional,negative
416,orang kunjung kesini,positive
417,lokasi kota pamekasan madura tempat rekreasi kecewa,negative
418,api abadi,positive
419,lumayan muas,positive
420,unik tarik malam,positive
421,gk kembang gin gin bakar,negative
422,malam suananya asik makan jagung bakar,positive
423,apinua kunjung padam ramai jual kotor,negative
424,lumayan tempat bakar bakar sih enak,positive
425,tarik bnyak anak,negative
426,salah pesona ajaib alam jawa timur tepat pulau madura,positive
427,nikmat cipta allah stw,positive
428,api nya panas,positive
429,udara panas fasilitas,negative
430,jalan lokasi api kunjung padam rusak area api awat,negative
431,cetak santri beraklak beril akademik,positive
432,dsana ramai sama jual souvenir,negative
433,cocok keluarga tata bersih,negative
434,enak santai bakar bakar teman teman,positive
435,gas alam tiada henti bumi,positive
436,bagus antik aneh,positive
437,kotor ga tarik,negative
438,indonesia uni api abadi madura,positive
439,wisata alami tampil kuasa tuhan,positive
440,untungx gk hujan,positive
441,fenomena alam,positive
442,salah destinasi wisata kota gerbang salam pamekasan madura,positive
443,tata kuat lembaga,negative
444,objek wisata alam lokasi pamekasan madura jawa timur bayar,positive
445,asana kelola,negative
446,senang,positive
447,ramai malam minggu,negative
448,bgus lihat ajaib alam trus beli sofener,positive
449,wisata alam tanah korek korek api,positive
450,lokasi mudah jangkau parkir luas,positive
451,api alam gas bumi produksi,positive
452,istimewa kes rapi,negative
453,tempat bagus cocok kunjung wisatawan,positive
454,andai awat bagus,negative
455,panas cuaca,positive
456,pariwisata berekspektaso yah,negative
457,legend banget desa yah enak banget wisata,positive
458,bagus wisata unik wisata khas pamekasan,positive
459,hujan api mati,positive
460,asik bakar jagung,negative
461,bagus masak apa langsung kompor,positive
462,wisata aneh nyata api kunjung padam,negative
463,sarana prasarana baik bagus nyaman,negative
464,api abadi nya ramai hati barang bawa,negative
465,bagus malam haru,positive
466,nonton film nyaman santai,positive
467,bakar bakar puas,positive
468,lumayan orang nya banyak narikin karcis,positive
469,kelola maksimal,negative
470,bagus banget api nya ngak mati,positive
471,enak emang bakar bakar,positive
472,api mati madura,positive
473,alhamdulillah nyampek istirahat,positive
474,nyamn santai wisata baka bakar,positive
475,wc sholat sedia,negative
476,iya lumayan,positive
477,wisata murah riah,negative
478,benar apinx gak padam,positive
479,krna masuk bayar preman,negative
480,hangat hangat,positive
481,bagus malam,negative
482,takjub cipta allah,positive
483,unik awat,negative
484,api alam kunjung silam,positive
485,penuh rahmat berkah,positive
486,takjub,positive
487,recommended kunjung pulau madura,positive
488,salah besar tuhan bumi pamekasan api kunjung padam,positive
489,sepi kalau hari bagus,positive
490,hahaha ksini,positive
491,asyik ekonimis,positive
492,bagus ajaib dr allah swt,positive
493,keren banget api gak padam,positive
494,api padam,positive
495,lumayan cmn parkinya mahal,positive
496,dagang wisata ramah,positive
497,tata tambah fasilitas dukung,negative
498,makna ambil nilai sejarah,positive
499,tempat langka temu tempat,negative
500,malam keren,positive
501,awat main,negative
502,enak bakar jagung,positive
503,tempat panas gersang siang,negative
504,tempat awat pesona,negative
505,hibur,positive
506,bagus awat,negative
507,iya lumayan,positive
508,satu wisata pamrkasan,negative
509,cocok bakar jagung,positive
510,tempat nyaman jual souvenir,positive
511,sih,positive
512,angkat ekonomi desa,positive
513,bakar jagung iya gratis he,negative
514,kuasa allah maha kuasa,positive
515,api padam tempat nyaman,negative
516,bagus lanjut kesana iya,positive
517,awat,negative
518,bagus,positive
519,unjung,positive
520,api ajaib,positive
521,sopir truk oleng,negative
522,api nyala moloh yaaaa,negative
523,bagus ramai unjung,positive
524,subhanaallah wajib kunjung,positive
525,,positive
526,salah wujud kuasa alloh,positive
527,fakta abadi pamekasan madura,positive
528,tukang parkir nya preman,negative
529,ajah gak nya,negative
530,iya tarik,positive
531,malam nampak api nya,positive
532,bersantuy,negative
533,parkir curang ngasi paku,negative
534,api iya,negative
535,bagus,positive
536,gitu,positive
537,sumber air bersih daerah camat waru,positive
538,langsung takjub,positive
539,,positive
540,alhamdulillah tempat bagua,positive
541,sayang lokasi rapi tata,negative
542,tempat asri parkir luas,positive
543,wisata alam enak bakar bakar,positive
544,wisata api alam fenomena hits madura,positive
545,bagus kelola,negative
546,bagus,positive
547,keren,positive
548,bagus duduk ramah ramah,positive
549,wisata jarang temu wilayah,positive
550,lumayan lahh bagussss,positive
551,korek api,negative
552,bagus,positive
553,dalem iki phonix,positive
554,bagus cocok libur keluarga,positive
555,ramai sx oengunjungnya,negative
556,khas madura trsedia sana,positive
557,udh langsung josssss,negative
558,subhanallah,positive
559,tempat dr ekspektasi,positive
560,awat tarik,negative
561,sippp fenomena alam alami,positive
562,mantap,positive
563,pamekasan,positive
564,salah destinasi baik wisata pamekasan,positive
565,api kunjung padam,positive
566,jual,positive
567,wisata bagus,positive
568,mantap,positive
569,rest area,negative
570,obyek rekreasi alami,positive
571,salah tuju wisata alam pamekasan madura,positive
572,kenang madura,positive
573,moga kenal asia tenggara,positive
574,bakar jagung asyiik,positive
575,bagus hibur,positive
576,sepi jual jagung mahal,negative
577,api panas banget,positive
578,lumayan bagus,positive
579,tempat bagus,positive
580,kota pamekasan keren kunjung,positive
581,cocok bakar,positive
582,pantai sejuk indah,positive
583,alam ku semesta emang nyata,positive
584,objek wisata alami pamekasan,positive
585,tempat asyik fun,positive
586,kuasa allah menabjupkan,positive
587,gak asyik nya,negative
588,ziarah rujak e asiiin hehehe,negative
589,asyik bakar,positive
590,fenomena alam bagus,positive
591,,positive
592,enak bakar jagung,positive
593,asyik klau malam,positive
594,parkir masuk bus mahal,negative
595,bukti besar alloh swt,positive
596,senang,positive
597,senang,positive
598,salah tanda besar allah,positive
599,bagus,positive
600,ramai,negative
601,keren habis,positive
602,bagus,positive
603,yaaaa suka,positive
604,besar allah swt,positive
605,apa alam madura keren,positive
606,bakar jagung hehehehe,negative
607,main,positive
608,bakar jagung,negative
609,lokasi ajar tahu,positive
610,bagus,positive
611,gas alam,positive
612,ramai,positive
613,rekreasi plus khas madura,positive
614,banyak pungut x,positive
615,wisata patut kunjung,positive
616,,negative
617,,positive
618,lumayan ngangetin badan,positive
619,fenomena alam tarik,positive
620,souvenirnya murah riah,negative
621,spot foto bagus,negative
622,jalur gunung api,negative
623,cocok renung,positive
624,fenomena alam bagus,positive
625,nyaman,positive
626,recomended banget,positive
627,nya bagus,positive
628,lumayan lipur lara,positive
629,tempat rapi,negative
630,masyarakat ramah,positive
631,bagus,positive
632,takjub indah dunia,positive
633,destinasi wisata api kunjung padam,negative
634,bagus,positive
635,ckup,positive
636,bagus panas,positive
637,seru,positive
638,istimewa,negative
639,jalan sdh asli palsu,negative
640,lumayan wisata madura,positive
641,karya maha kuasa,positive
642,parkir motor mahal,negative
643,wisata api kunjung padam,positive
644,padam hujan deras turun,negative
645,sungguh senang sna,positive
646,fasilitas kian awat,negative
647,api kumjum padam,negative
648,bagus istimewa,positive
649,kalau madura mampir kesini,positive
650,tempat monoton,negative
651,bersih ditingjatkan,negative
652,tiga kali kesini,positive
653,bagus,positive
654,sejarah banget indonesia mah,positive
655,keren pokok,positive
656,jam buka,positive
657,baguss tempat unik,positive
658,lumayan gampang temu,positive
659,sayang awat,negative
660,seru,positive
661,bagus tarik,positive
662,alhamdulillah nympek apik abadi,positive
663,tanda kuasa allah,positive
664,tarik,positive
665,ramai unjung,positive
666,awat,negative
667,mantap,positive
668,unik besar tuhan,positive
669,sip deh,negative
670,tempat benah,negative
671,bebas biaya masuk mantap,positive
672,anak minta,negative
673,bagus,positive
674,api padam,positive
675,bagus refresing,positive
676,api abadi,positive
677,mudah cari alamat,negative
678,mantap api keren,positive
679,takjub kuasa tuhan,positive
680,takjub percik api neraka,positive
681,hibur api alam,positive
682,api unik eternal flame keren,positive
683,kelola tip,negative
684,fasilitas dukung,negative
685,lumayan panas,positive
686,nyamn,positive
687,kenang pulang kampung,positive
688,unik,positive
689,alami,positive
690,tata apik,positive
691,bentuk besar allah swt,positive
692,potensi kemas,negative
693,asik,positive
694,pamekasan,negative
695,bantu,positive
696,bagus,positive
697,wisata api alam larang tokol kabupaten pamekasan,negative
698,api,negative
699,perhati,negative
700,tarik,positive
701,mantap,positive
702,salah ajaib dunia,positive
703,pungli,negative
704,api kunjung padam,positive
705,alhamdulillah aktif,positive
706,suasana pasar tradisional,negative
707,tempat,positive
708,bagus,positive
709,bagus langka,positive
710,unik langka,positive
711,unik bagus,positive
712,sipp,negative
713,tarik,positive
714,,positive
715,tarik,negative
716,panas seru,positive
717,banyakn pungli,negative
718,bagus,positive
719,tempat bagus,positive
720,tempat bersih,negative
721,unik,positive
722,takjub,positive
723,awat,negative
724,bagus,positive
725,unjung,positive
726,mantul,positive
727,api abadi,positive
728,api alam,positive
729,refrensi ziarah pulau madura,positive
730,tempatx kesan,positive
731,bagus,positive
732,wisata api alam pamekasan,positive
733,api abadi,positive
734,bagus banget,positive
735,bakar jgung,negative
736,warga s,positive
737,kenang,positive
738,senang,positive
739,panas,positive
740,sungguh kagum,positive
741,api alam,positive
742,api alam,positive
743,steril,negative
744,mana api padam,positive
745,karunia allah manusia,positive
746,lumayan,positive
747,bagus,positive
748,manjain keluarga,positive
749,mantab,positive
750,alam,positive
751,kotor banget,negative
752,api abadi jarang jumpa tempat,positive
753,aneh nyata,positive
754,besar sang cipta,positive
755,,positive
756,api alami tanah,positive
757,api abadi,positive
758,bagus unik,positive
759,senang,positive
760,senang,positive
761,panas gersang,negative
762,bagus nyaman,positive
763,,positive
764,sekolah idam,positive
765,mantap,positive
766,ajaib alam pulau madura,positive
767,volume batas,negative
768,unik,positive
769,ramai orang,positive
770,lumayan,positive
771,rumah,positive
772,lumayan,positive
773,api abadi,positive
774,unik,positive
775,api kunjung padam,positive
776,orangny ramah ramah,positive
777,keren,positive
778,seru,positive
779,wisata unik kabupaten pamekasan madura,positive
780,mantap,positive
781,bagus a,positive
782,takjub,positive
783,padam,positive
784,,positive
785,wisata api abadi madura,positive
786,pesona,positive
787,tempat takjub,positive
788,,positive
789,kunjung ajaib indonesia,positive
790,mantul,positive
791,mantap,positive
792,bagus,positive
793,gaes gk nmoh,negative
794,api kunjung pandam,positive
795,mantab,positive
796,bagus,positive
797,mengasikkan,positive
798,api tanah,negative
799,tempat kotor,negative
800,alami asli alam,positive
801,mantap,positive
802,bersih,positive
803,bagus,positive
804,kuasa allah,positive
805,bagus,positive
806,siip,negative
807,mantul,positive
808,mantap,positive
809,lumayan,positive
810,indah,positive
811,bagus,positive
812,riah,negative
813,ramai bagus,positive
814,sayang kelola profesional,negative
815,mantap,positive
816,mantab murah,negative
817,bagus,positive
818,semangat,positive
819,panasssssse polll,negative
820,unik fantastic,positive
821,wisata bangkal madura,positive
822,bgus,negative
823,sungguh senang,positive
824,bagus,positive
825,serru banget,positive
826,bagus,positive
827,oke,positive
828,senang,positive
829,mantab,positive
830,hebat,positive
831,hangat,positive
832,keren,positive
833,ramai,negative
834,bagus,positive
835,kuasa allah,positive
836,lumayan,positive
837,lumayan,positive
838,hangat,positive
839,bagus,positive
840,suka,positive
841,takjub,positive
842,lumayan,positive
843,bagus,positive
844,bagus,positive
845,panas,positive
846,kagum,positive
847,lumayan,positive
848,komersial,negative
849,lalulalang warga,positive
850,keren,positive
851,asri,positive
852,senang,positive
853,lumayan,positive
854,api abadi,positive
855,kotor,negative
856,pesona,positive
857,mantap,positive
858,bagus,positive
859,woww,positive
860,sunnatullah,positive
861,rahasia illahi,positive
862,pamekasa madura jawa timur,positive
863,api abadi madura,positive
864,sip,negative
865,madura,positive
866,lumayan,positive
867,panas good,positive
868,sip,negative
869,sip,negative
870,wow,positive
871,muas,positive
872,,positive
873,sip,negative
874,takjub,positive
875,afrikanya pamekasan,negative
876,wisata bahari,positive
877,senang,positive
878,takjub,positive
879,bakar jagung,negative
880,subhanallah,positive
881,wisata pamekasan,positive
882,kesan,positive
883,api abadi,positive
884,kuasa ilahi,positive
885,subhanallah,positive
886,kuasa allh,positive
887,subhanallah,positive
888,manfaat,positive
889,ajaib alam,positive
890,subhanallah,positive
891,barokallah,positive
892,lokasi wisata api padam tinggal bakar jagung,positive
893,api kunjung padam one of the destination in madura s island it s located in pamekasan city madura island the fire is out from the ground and the local people said that it was happen since very long time ago maybe the fire was out,negative
894,madura is famous for its various attractions and tourist attractions one of which is a tourist spot where the fire never goes out in this tourist place we enjoy roasted corn and shop for souvenirs typical of madura including woven sarongs petis clothes and so on,positive
895,nice place to explore madura better go there at night,positive
896,unexpected place nice to visit for those who want to see a fire which always keep lighting so many store and toilet there accessible and near from the city,positive
897,i visited the location in nearby was a pond with gas bubbling out,negative
898,i little bit scary here we suddenly surrounded by kids and a woman insist asking for money i decided to leave as soon as possible we hope the local government put attention to this situation to attract tourists to come here,negative
899,there are so many cats wandering around,negative
900,asli orang sumber gas alam manfaat duduk daerah sebu,negative
901,mantap alangkah baik posisi api,positive
902,they have priceless souvenirs and it is a unique place,positive
903,cat bagus,negative
904,better you go at night,negative
905,unjung hibur,negative
906,layan haji umrah maksimal,positive
907,syukur nikmat maha kuasa,positive
908,panas maximal,positive
909,nothing to see here,negative
910,nice place to take a rest even in small space and a little time,positive
911,pos aoah anvs aoa angso ahvs,negative
912,better go after dark baking corn is nice,positive
913,nan,positive
914,kerren,positive
915,allohuakbar hendak alloh api kunjung padam madura,positive
916,panas,positive
917,ojeng,positive
918,natural eternal flame i would say the sorounding places are just so so,positive
919,kreatif pamekasan,positive
920,ziarah makam buju moko,negative
921,api laki laki gadis,negative
922,mulus,positive
923,natural endless flame traditional market,positive
924,dhengkah dheng padhengah api neraka,negative
925,nice,positive
926,dewan subbanul yaum,negative
927,nan,positive
928,awesome fire of earth origin of brahma,positive
929,nan,positive
930,masya allah maha kekuasaann,positive
931,ramai seru,positive
932,great place to visit at night,positive
933,best time to visit night time,positive
934,kuat ilahi allahuak,positive
935,everlasting fire,positive
936,nan,positive
937,the best choice to calter,positive
938,perfect,positive
939,joss,positive
940,hojj,negative
941,sungguh kuasa tuhan,positive
942,good place,positive
943,,negative
944,koleksi liar,positive
945,incredible works of nature subhanallah,positive
946,so hot,positive
947,api abadi,positive
948,nan,positive
949,sihir baik,positive
950,mantaap,positive
951,nan,positive
952,api abadi,positive
953,ajaib,positive
954,insyaallah,positive
955,api abadi,positive
956,api abadi,positive
957,beutifull,negative
958,jik,negative
959,nan,positive
960,nan,positive
961,wow,positive
962,jjihu akbar,negative
963,nan,positive
964,nan,positive
965,nan,positive
966,seep,negative
967,its amaging,positive
968,beautiful,positive
969,siiip,negative
970,sip,negative
971,josss,positive
972,wonderfull place,positive
973,it is wonderfull,positive
974,keren,positive
975,like like like,positive
976,nan,positive
977,,positive
978,,positive
979,good,positive
980,good,positive
981,,positive
982,yoo,negative
983,to much market place,positive
984,nan,positive
985,nice,positive
986,good,positive
987,nice,positive
988,amazing,positive
989,awesome,positive
990,good,positive
991,nan,positive
992,rumah,positive
993,suka,positive
994,yes,positive
995,eternity fire,positive
996,awesome,positive
997,nice place,positive
998,someting of god,positive
